connid,fldate,carrid,price,currency,planetype,seatsmax,seatsocc,paymentsum,seatsmax_b,seatsocc_b,seatsmax_f,seatsocc_f
0017,2026-11-25,AA,408.38,USD,747-400,385,329,163025.30,31,16,21,10
0017,2027-02-19,AA,429.26,USD,747-400,385,329,163676.84,31,19,21,3
0064,2026-12-10,AA,438.74,USD,A321,185,134,77481.48,20,13,10,4
0064,2027-02-19,AA,434.14,USD,A321,185,150,89128.94,20,14,10,7
0555,2026-10-13,AZ,185.48,EUR,A319,150,149,36836.33,15,13,10,6
0555,2027-01-23,AZ,201.44,EUR,A319,150,106,33640.48,15,15,10,8
0788,2026-12-30,AZ,1034.29,EUR,747-400,385,353,464085.92,31,26,21,11
0788,2027-02-06,AZ,1109.63,EUR,747-400,385,316,408121.91,31,14,21,6
0789,2027-01-12,AZ,1004.47,EUR,747-400,385,371,451509.27,31,15,21,13
0789,2027-02-21,AZ,1119.59,EUR,747-400,385,360,510645.00,31,23,21,13
0106,2027-01-17,DL,618.52,USD,A380-800,475,418,300848.13,30,12,20,12
0106,2027-02-10,DL,659.64,USD,A380-800,475,469,335492.90,30,18,20,0
1699,2026-12-16,DL,441.28,USD,A321,185,123,79253.89,20,13,10,8
1699,2027-01-01,DL,419.07,USD,A321,185,184,105060.85,20,16,10,9
1984,2026-10-06,DL,427.95,USD,767-200,260,191,108057.38,21,20,11,5
1984,2026-10-31,DL,427.47,USD,767-200,260,168,96565.47,21,12,11,9
0407,2026-10-26,JL,106190.00,JPY,747-400,385,241,36019648.00,31,16,21,18
0407,2027-01-08,JL,113197.00,JPY,747-400,385,220,33144081.60,31,14,21,12
0408,2026-12-21,JL,103528.00,JPY,747-400,385,287,38025834.40,31,19,21,11
0408,2026-12-25,JL,103796.00,JPY,747-400,385,310,44974806.80,31,29,21,17
0400,2027-01-05,LH,707.32,EUR,A380-800,475,408,342979.47,30,27,20,5
0400,2027-01-16,LH,640.51,EUR,A380-800,475,439,311287.86,30,15,20,4
0401,2026-12-27,LH,718.89,EUR,A340-600,330,311,254199.50,30,13,20,4
0401,2027-03-02,LH,675.10,EUR,A340-600,330,219,226901.11,30,23,20,19
2402,2027-01-26,LH,249.50,EUR,A321,185,125,47829.15,20,16,10,9
2402,2027-02-15,LH,251.79,EUR,A321,185,116,40689.26,20,8,10,8
2407,2026-12-21,LH,247.93,EUR,A321,185,117,41974.55,20,19,10,3
2407,2027-01-26,LH,245.42,EUR,A321,185,179,52029.04,20,15,10,0
0005,2026-10-31,QF,1208.39,AUD,A380-800,475,383,614949.67,30,27,20,19
0005,2027-01-30,QF,1173.52,AUD,A380-800,475,441,613398.90,30,26,20,7
0006,2026-10-24,QF,1143.21,AUD,A380-800,475,373,503241.04,30,21,20,6
0006,2026-11-17,QF,1239.15,AUD,A380-800,475,440,619203.26,30,16,20,7
0002,2026-12-31,SQ,878.37,SGD,A380-800,475,433,449813.28,30,28,20,5
0002,2027-01-09,SQ,895.77,SGD,A380-800,475,393,428357.21,30,26,20,8
0015,2026-10-06,SQ,879.16,SGD,A340-600,330,213,265594.24,30,23,20,11
0015,2026-12-30,SQ,890.16,SGD,A340-600,330,281,286542.50,30,17,20,1
0988,2027-01-28,SQ,777.49,SGD,A330-300,280,172,206812.34,30,30,10,8
0988,2027-02-25,SQ,729.60,SGD,A330-300,280,204,192760.32,30,21,10,4
0941,2026-12-07,UA,931.23,USD,747-400,385,211,235414.94,31,19,21,0
0941,2027-01-27,UA,930.47,USD,747-400,385,384,423177.76,31,29,21,2
3504,2026-11-13,UA,707.44,USD,767-200,260,178,159174.00,21,15,11,4
3504,2026-12-07,UA,646.61,USD,767-200,260,233,183055.29,21,18,11,3
3516,2026-11-23,UA,663.45,USD,A340-600,330,319,248926.44,30,16,20,6
3516,2027-01-12,UA,680.52,USD,A340-600,330,207,180950.27,30,22,20,3
